<?xml version="1.0" encoding="UTF-8" standalone="yes"?>
<addon id="repository.rayw1986" name="RayW1986 Repo" version="2.1.0" provider-name="RayW1986">
	<extension point="xbmc.addon.repository" name="RayW1986 Repository">
		<dir>
			<info compressed="false">https://raw.github.com/RayW1986/repository.rayw1986/master/addons.xml</info>
			<checksum>https://raw.github.com/RayW1986/repository.rayw1986/master/addons.xml.md5</checksum>
			<datadir zip="true">https://raw.github.com/RayW1986/repository.rayw1986/master/zips</datadir>
		</dir>
	</extension>
	<extension point="xbmc.addon.metadata">
		<summary>RayW1986's Repository</summary>
		<description>Download and install add-ons from RayW1986's Repository.</description>
		<platform>all</platform>
	</extension>
</addon>

