<?xml version="1.0" encoding="UTF-8" standalone="yes"?>
<addon id="repository.BackupRepo" version="0.1.5.7" name="[B][COLOR darkred] - Kodi Repo - [/COLOR][/B]" provider-name="DONE">
	<requires>
		<import addon="xbmc.python" version="2.19.0" />
	</requires>
	<extension point="xbmc.addon.repository" name="BackupRepo">
		<dir minversion="16.0.0">
			<info compressed="false">https://raw.githubusercontent.com/RandomIntermition/k4y108837s/master/HAX/16.CocoJoe/CocoJoe.xml</info>
			<checksum>https://raw.githubusercontent.com/RandomIntermition/k4y108837s/master/HAX/16.CocoJoe/CocoJoe.xml.md5</checksum>
			<datadir zip="true">https://raw.githubusercontent.com/RandomIntermition/k4y108837s/master/HAX/16.CocoJoe/</datadir>
		</dir>
		<dir minversion="18.0.0">
			<info compressed="false">https://raw.githubusercontent.com/RandomIntermition/k4y108837s/master/HAX/18.CocoJoe/CocoJoe.xml</info>
			<checksum>https://raw.githubusercontent.com/RandomIntermition/k4y108837s/master/HAX/18.CocoJoe/CocoJoe.xml.md5</checksum>
			<datadir zip="true">https://raw.githubusercontent.com/RandomIntermition/k4y108837s/master/HAX/18.CocoJoe/</datadir>
		</dir>
	</extension>
	<extension point="xbmc.addon.metadata">
		<summary lang="en">BackupRepo</summary>
		<description lang="en">This repository contains backups of several CURRENTLY WORKING addons.</description>
		<disclaimer lang="en">The Author is NOT responsible for [COLOR red]PERMANENT DAMAGE![/COLOR] to your device, or [COLOR red]THEFT OF PERSONAL FILES[/COLOR].</disclaimer>
		<platform>all</platform>
		<news>rewrite info</news>
		<assets>
			<icon>icon.png</icon>
			<fanart>fanart.jpg</fanart>
		</assets>
	</extension>
</addon>
