<?xml version="1.0" encoding="UTF-8" standalone="yes"?>
<addon id="plugin.video.bbciplayerapp" name="BBC iPlayer" version="1.9.8" provider-name="GOOD">
  <requires>
    <import addon="xbmc.python" version="2.1.0"/>
  </requires>
  <extension point="xbmc.python.pluginsource" library="default.py">
        <provides>video</provides>
  </extension>
  <extension point="xbmc.addon.metadata">
    <summary lang="en">BBC iPlayer app</summary>
    <description lang="en">Watch iplayer in Kodi</description>
    <platform>all</platform>
    <news></news>
    <assets>
      <icon>icon.png</icon>
      <fanart>fanart.jpg</fanart>
      <screenshot>resources/screenshot-01.jpg</screenshot>
      <screenshot>resources/screenshot-02.jpg</screenshot>
      <screenshot>resources/screenshot-03.jpg</screenshot>
      <screenshot>resources/screenshot-04.jpg</screenshot>
      <screenshot>resources/screenshot-05.jpg</screenshot>
    </assets>
  </extension>
</addon>
