<?xml version="1.0" encoding="UTF-8" standalone="yes"?>
<addon id="plugin.program.peartool" name="Pairing Tool" version="1.0.1.5" provider-name="GOOD">
    <requires>
        <import addon="xbmc.python" version="2.24.0"/>
        <import addon="script.module.tulip" version="1.4.0"/>
    </requires>
    <extension point="xbmc.python.pluginsource" library="addon.py">
        <provides>executable</provides>
    </extension>
    <extension point="xbmc.addon.metadata">
        <platform>all</platform>
        <summary lang="en_GB">Pairing Tool</summary>
        <description lang="en_GB">Pair your IP with web hosters</description>
    </extension>
</addon>
