<?xml version="1.0" encoding="UTF-8" standalone="yes"?>
<addon id="repository.tva.common" name="TVADDONS.CO Resolvers Repository" version="2.0.0.5" provider-name="tvaddons">
    <extension point="xbmc.addon.repository" name="TVADDONS.CO Resolvers Repository">
        <info compressed="false">https://github.com/tvaddonsco/tva-resolvers-repo/raw/master/addons.xml</info>
        <checksum>https://github.com/tvaddonsco/tva-resolvers-repo/raw/master/addons.xml.md5</checksum>
        <datadir zip="true">https://github.com/tvaddonsco/tva-resolvers-repo/raw/master/zips/</datadir>
    </extension>
    <extension point="xbmc.addon.metadata">
        <summary>Unofficial Resolvers for the Kodi Media Center</summary>
        <description>Unofficial Resolvers for the Kodi Media Center. Please visit www.tvaddons.co for support!</description>
        <platform>all</platform>
    </extension>
</addon>