<?xml version="1.0" encoding="UTF-8" standalone="yes"?>
<addon id="script.module.placenta" name="Placenta Module" version="2.3.0.4.3" provider-name="Team Aftebirth">
	<requires>
		<import addon="xbmc.python" version="2.1.0" />
		<import addon="script.module.beautifulsoup4"/>
	</requires>
	<extension point="xbmc.python.module" library="lib" />
	<extension point="xbmc.addon.metadata">
		<platform>all</platform>
        <reuselanguageinvoker>false</reuselanguageinvoker>
		<summary lang="en">Placenta</summary>
		<description>Covenant Fork from Echo/Colossus era with Team Afterbirth's updates and new code.</description>
        <disclaimer lang="en">The author does not host or own any content found within this addon.[CR]This resource is for educational purposes only.</disclaimer>
        <license></license>
	</extension>
</addon>