<?xml version="1.0" encoding="UTF-8" standalone="yes"?>
<addon id="plugin.video.catchuptvandmore" name="Catch-up TV &amp; More" version="0.2.38~beta00" provider-name="SylvainCecchetto,wwark,joaopa">
  <requires>
    <!-- xbmc.python -->
    <import addon="script.module.codequick" version="0.9.13"/>
    <import addon="script.module.youtube.dl" version="18.225.0"/>
    <import addon="script.module.requests" version="2.12.4"/>
    <import addon="script.module.pytz" version="2014.2"/>
    <import addon="script.module.inputstreamhelper" version="0.3.3"/>
    <import addon="script.module.six" version="1.11.0"/>
    <import addon="script.module.pyqrcode" version="0.0.1"/>
    <import addon="script.module.tzlocal" version="2.0.0"/>
    <import addon="script.module.future" version="0.17.1"/>
    <import addon="script.module.kodi-six" version="0.0.4"/>
    <import addon="resource.images.catchuptvandmore" version="1.0.0"/>
  </requires>
  <extension point="xbmc.python.pluginsource" library="addon.py">
    <provides>video</provides>
  </extension>
  <extension point="xbmc.service" library="service.py"/>
  <extension point="xbmc.addon.metadata">
    <!-- Set reuselanguageinvoker to false while developing the addon, making it only true for the production version -->
    <!-- See https://kodi.wiki/view/Addon.xml#.3Creuselanguageinvoker.3E -->
    <reuselanguageinvoker>true</reuselanguageinvoker>
    <summary lang="fr_FR">Catch-Up TV &amp; More : Replay TV, Live TV et bien plus encore.</summary>
    <description lang="fr_FR">Catch-Up TV &amp; More regroupe dans un même plugin Kodi l'ensemble des vidéos des différents services et chaînes de Replay TV (rattrapage TV) ainsi que l'accès au direct. De plus, cette extension vous permet d'accéder rapidement aux vidéos et contenus proposés par certains sites internet.</description>
    <disclaimer lang="fr_FR">Retours de bugs, propositions d'améliorations ou d'ajout de contenus sont les bienvenue ! GitHub ou e-mail.</disclaimer>
    <summary lang="en_GB">Catch-Up TV &amp; More: It's all in the title.</summary>
    <description lang="en_GB">Catch-Up TV &amp; More brings together in one Kodi add-on all the videos of the various services and channels of catch-up TV and live TV. Furthermore, this add-on allows you to quickly access the videos and content offered by certain websites.</description>
    <disclaimer lang="en_GB">Bug reports, suggestions for improvements or content additions are welcome! GitHub or e-mail.</disclaimer>
    <description lang="he_IL">ההרחבה מאפשרת לך להתעדכן בתוכן השידורים תוסף אחד של קודי מרכז את כל קטעי וידאו של שירותים שונים וערוצי תוכן משודר. בנוסף, תוספת זו מאפשרת לך לגשת במהירות לסרטונים ולתכנים המוצעים על ידי אתרים מסוימים.</description>
    <disclaimer lang="he_IL">דוחות שגיאה, הצעות לשיפור או תוספות תוכן יתקבלו בברכה! ל-GitHub או אימייל.</disclaimer>
    <summary lang="nl_NL">Catch-Up TV &amp; More: Replay tv, Live tv en meer.</summary>
    <description lang="nl_NL">Catch-Up TV &amp; More brengt replay en live tv van verschikkende diensten en kanalen samen in één Kodi add-on. Bovendien stelt deze add-on u instaat video's van bepaalde websites makkelijk te benaderen.</description>
    <disclaimer lang="nl_NL">Bug meldingen, suggesties ter verbetering of additionele inhouden zijn welkom! Via GitHub of e-mail.</disclaimer>

    <language></language>
    <platform>all</platform>
    <license>GPL-2.0</license>
    <forum>https://forum.kodi.tv/showthread.php?tid=307107</forum>
    <website>https://catch-up-tv-and-more.github.io/</website>
    <email>catch.up.tv.and.more at gmail dot com</email>
    <source>https://github.com/Catch-up-TV-and-More/plugin.video.catchuptvandmore</source>
    <news>
[Version 0.2.37]
[FR - Cnews] Fi live and replay (#568)
[CH - SSR] Fix error on SSR channels replay (#574) Thanks @jmzambon for #587
[FR - SSR] Fix Alsace 20 and LaChaineNormande (DRM) (#584) Thanks @jmzambon for #585
[FR - MyTF1] Fix categories (#562) Thanks @aaitmouloud for #563
[BE - RTLPlay] Add 'All programs'. Thanks @darodi for #582
[IT - raiplay] Enhanced. Thanks @jmzambon for #583
[Website - FFF] Fix error when no image (#586)
[FR - CNEWS] Try hardcoded live id in case of error (#580)
[BE - RTBF] Fix RTBF sometimes down (#526) Thanks @Gaet81 for #536
[BE - RTLPlay] Fix replay (#576) Thanks @Gaet81 for #589
[Live TV] Temp fix of tzlocal error (#592)
[Website - FFF] Fix video playback error (#586)
[IT - Rai] Fix live TV (#611)
[FR - france.tv] Fix replay (#616, thanks @Arias800)
[JP - FujiTV] Add the replay for FujiTV (#615)
[Website - FFF] Add more replays (#614)
[FR - AlbiTV] Add live for AlbiTV (#620)
[FR - Mycanal] Fix replay pour mycanal (#624) Thanks @Arias800
[Configuration] fix bug report (#618) Thanks @darodi
[BE - RTLPlay] [FR - M6] choose live quality (#627) Thanks @darodi
[FR - M6] add all programs section (#627) Thanks @darodi
[BE - RTLPlay] add search (#627) Thanks @darodi
[FR - Replay] Beginning of a new API for the replay of the RMC channels
[FR - Replay] Complete the API for RMC channels replay: now working !! (#626) Thanks @Arias800
[FR - Live ARTE] Workaround a FFMPEG bug (#619)
[ES Live RTVE] Fix broken live url (#633) Thanks @Adrien Aubry
[FR - Replay] Use v1 API instead of v2 API for ARTE replay (#557) Thanks @jmzambon
[FR - RMC] Fix live for RMC channels (#594) Thanks @Arias800
[FR - Replay] Fix a crash when retrieving RMC channels in replay
[FR - Replay] Clean-up skeleton
[FR - Replay] Fix Lumni replay
[INTERNATIONAL - ARTE] Use Inpustream-adaptive to open the lives of ARTE
[INTERNATIONAL - ARTE] Remove dead code
[Website] Move to the more generic FFF site
[BE - AB] Fix AB3 and AB Xplore (#636) Thanks @chamchenko
[SG] Add Channel News Asia (CNA) live (issue #478)
[Menu] Add some Hebrew translations
[SG - CNA] Cosmetic changes
[FR] Add Tahiti Nui Télévision (TNTV) live (issue #452)
[ES live RealMadridTV] Fix broken url parsing (PR ##637) Thanks @Adrien Aubry
[Website] Fix the route for the FFF website (PR #640) thanks @darodi
[BE-RTC] fix live (PR #642) thanks @darodi
[PL - TVP] Search specifically for m3u8 URLs (PR #639) Thanks @Piotr Pawlicki
[PL - TVP] Gracefully handle not available streams (PR #639) Thanks @Piotr Pawlicki
[PL - TVP] Rename 'TVP Poland In' to 'TVP World' (PR #639) Thanks @Piotr Pawlicki
[PL - TVP] Use data-channel-id for Polonia (PR #639) Thanks @Piotr Pawlicki
[FR - RMCBFMPLAY] Add a dialog box to advertise that credentials are not set (PR #644) Thanks Arias800
[WO- TV5MONDE] Fix TV5Monde live (PR #643) Thanks Arias800
[Project] Fix linting to be compliant with Flake8 (PR #646 #647 #649 #650 #651 #652 #652 #653 #654 #655) Thanks @Piotr Pawlicki
[PL - TVP] Add stream for TVP Wilno (#PR  656) Thanks @Piotr Pawlicki
[FR - RMCBFMPLAY] Fix a syntax error Thanks @Piotr Pawlicki
[FR - RMCBMFPLAY] Correct linting on rmcbfmplay.py (PR #648) Thanks @Piotr Pawlicki
[WO - TV5MONDE] Correct linting on tv5monde.py (PR #657) Thanks @Piotr Pawlicki
[Website] Disable lesargonautes (PR #641) Thanks @darodi
[BE - RTBFAuvio] Add TipikVision live (PR #661) Thanks @darodi
[FR - AlbiTV] Add replay for AlbiTV (PR #662) Thanks Arias800
[FR - Live] Remove a useless item in fr_live skeleton
[FR - Live] Rearrange the items in fr_live skeleton
[FR - Live] Replace the locals of BFM by the more generic BFM Régions
[FR - RMC] Remove a useless file
[FR - RTL] Fix live for RTL radios group (#663)
[FR - DICI] Fix live for DICI and implement replay (PR #666) Thanks @Arias800
[Project] Make Captchuptvmore more compliant with Flake8
[FR - BFM] Remove a useless file
[FR - REPLAY] Remove a useless item in fr_replay skeleton
[FR - RMCBMFPLAY] Add local BFM channels (#665)
addon.xml Change RMCBFMREPLAY into RMCBMFPLAY
[LT] Add LRT Televizija live (issue #416)
[LT - LIVE] Add LRT Plius live (issue #416)
[LT - LIVE] Add LRT Lituanica live (issue #416)
[LT - LIVE] Fix the path for LRT Televizija pictures
[SG] Fix live skeleton
[LT] Make Flake8 happy
[WO - TV5MONDEPLUS] Enable TV5mondeplus (PR #673) Thanks @darodi
[FR - BFM REGIONS] Fix a translation Thanks @darodi
[WO - TV5MONDEPLUS] Fix Flake8 errors
[LT] Capitalize LRT TELEVIZIJA in skeleton
[Project] Add joaopa00 as releaser
----
Visit WebSite - http://mpdb.tv/#home which host the french forum used by users of CU TV and More
    </news>
    <assets>
      <icon>icon.png</icon>
      <fanart>fanart.jpg</fanart>
      <screenshot>resources/screenshots/screenshot-01.jpg</screenshot>
      <screenshot>resources/screenshots/screenshot-02.jpg</screenshot>
      <screenshot>resources/screenshots/screenshot-03.jpg</screenshot>
      <screenshot>resources/screenshots/screenshot-04.jpg</screenshot>
      <screenshot>resources/screenshots/screenshot-05.jpg</screenshot>
    </assets>
  </extension>
</addon>
