<?xml version="1.0" encoding="UTF-8" standalone="yes"?>
<addon id="script.module.codequick" name="CodeQuick" provider-name="willforde" version="0.9.14">
    <requires>
        <import addon="xbmc.python" version="2.25.0"/>
        <import addon="script.module.youtube.dl" version="18.0.0"/>
        <import addon="script.module.htmlement" version="0.2.3"/>
    </requires>
    <extension point="xbmc.python.module" library="lib"/>
    <extension point="xbmc.addon.metadata">
        <summary lang="en_GB">Framework for creating kodi add-on's.</summary>
        <description lang="en_GB">Codequick is a framework for kodi add-on's. The goal of this framework is to simplify add-on development. This is achieved by reducing the amount of boilerplate code to a minimum, automating tasks like route dispatching and sort method selection. Ultimately allowing the developer to focus primarily on scraping content from websites and passing it to kodi.</description>
        <license>GNU GENERAL PUBLIC LICENSE. Version 2, June 1991</license>
        <source>https://github.com/willforde/script.module.codequick</source>
        <email>willforde+codequick@gmail.com</email>
        <platform>all</platform>
        <language>en</language>
        <assets>
            <icon>resources/icon.png</icon>
        </assets>
    </extension>
</addon>
